Produto;Precos;Preco;Desconto
CHOCOLATE BRANCO COM WHEY PROTEIN - DISPLAY C/ 8UN. - GROWTH SUPPLEMENTS;R$32,90 10% OFF;32.9;10
BARRA PROTEICA GROWTH 65GR - DISPLAY C/ 6 UN.;R$59,40 10% OFF;59.4;10
VITAMINA D2 VEGANO 20ML SABOR MENTA - GROWTH SUPPLEMENTS;R$29,90 10% OFF;29.9;10
SNACK GROWTH PROTEIN 60GR SABOR BACON - GROWTH SUPPLEMENTS;R$8,90 10% OFF;8.9;10
SNACK GROWTH PROTEIN 60GR SABOR CEBOLA E SALSA - GROWTH SUPPLEMENTS;R$8,90 10% OFF;8.9;10
SNACK GROWTH PROTEIN 60GR SABOR TOMATE SECO E QUEIJO MEIA CURA - GROWTH SUPPLEMENTS;R$8,90 10% OFF;8.9;10
SNACK GROWTH PROTEIN 60GR SABOR REQUEIJÃO - GROWTH SUPPLEMENTS;R$8,90 10% OFF;8.9;10
BEBIDA LÁCTEA UHT DE PROTEÍNAS - GROWTH SUPPLEMENTS;R$7,90 10% OFF;7.9;10
MULTIVITAMÍNICO VEGANO 120COMP - GROWTH SUPPLEMENTS;R$74,90 10% OFF;74.9;10
HAIR E NAILS 120COMP - GROWTH SUPPLEMENTS;R$64,90 10% OFF;64.9;10
IMUNIDADE GUMMY 30UN - GROWTH SUPPLEMENTS;R$39,90 10% OFF;39.9;10
MELATONINA GUMMY 30UN - GROWTH SUPPLEMENTS;R$44,90 10% OFF;44.9;10
BEAUTY SKIN GUMMY 30UN - GROWTH SUPPLEMENTS;R$44,90 10% OFF;44.9;10
VITAMINA D3 GUMMY 30UN - GROWTH SUPPLEMENTS;R$39,90 10% OFF;39.9;10
HAIR SKIN GUMMY 30UN - GROWTH SUPPLEMENTS;R$44,90 10% OFF;44.9;10
IMUNIDADE KIDS GUMMY 30UN - GROWTH SUPPLEMENTS;R$37,90 10% OFF;37.9;10
MULTIVITAMÍNICO GUMMY 30UN - GROWTH SUPPLEMENTS;R$42,90 10% OFF;42.9;10
MELATONINA + ASSOCIAÇÕES 90CAPS - GROWTH SUPPLEMENTS;R$42,90 10% OFF;42.9;10
PAÇOCA GROWTH DISPLAY COM 12UN 276GR- GROWTH SUPPLEMENTS;R$33,90 10% OFF;33.9;10
DOSE WHEY PROTEIN CONCENTRADO 30GR - GROWTH SUPPLEMENTS;R$24,90 10% OFF;24.9;10
LEVAGEN (PEA) 60CAPS - GROWTH SUPPLEMENTS;R$5,90 10% OFF;5.9;10
TESTOFEN 60CAPS - GROWTH SUPPLEMENTS;R$134,90 10% OFF;134.9;10
BARRA DE NUTS - DISPLAY C/ 12 UN. - GROWTH SUPPLEMENTS;R$154,90 10% OFF;154.9;10
PASTA DE AMENDOIM CROCANTE 500G - GROWTH SUPPLEMENTS;R$47,90 10% OFF;47.9;10
PASTA DE AMENDOIM SABOR MARACUJÁ 500G - GROWTH SUPPLEMENTS;R$27,90 10% OFF;27.9;10
FOSFATIDILSERINA 200MG 60CAPS - GROWTH SUPPLEMENTS;R$27,90 10% OFF;27.9;10
FOSFATIDILSERINA 400MG 60CAPS - GROWTH SUPPLEMENTS;R$69,90 10% OFF;69.9;10
MELATONINA 0,21MG (100 COMPRIMIDOS) - GROWTH SUPPLEMENTS;R$139,90 10% OFF;139.9;10
PASTA DE AMENDOIM SABOR CHOCOLATE COM MORANGO 500G - GROWTH SUPPLEMENTS;R$31,90 10% OFF;31.9;10
;R$27,90 10% OFF;27.9;10
