produto;precos
CHOCOLATE BRANCO COM WHEY PROTEIN - DISPLAY C/ 8UN. - GROWTH SUPPLEMENTS;R$32,90 10% OFF
BARRA PROTEICA GROWTH 65GR - DISPLAY C/ 6 UN.;R$59,40 10% OFF
VITAMINA D2 VEGANO 20ML SABOR MENTA - GROWTH SUPPLEMENTS;R$29,90 10% OFF
SNACK GROWTH PROTEIN 60GR SABOR BACON - GROWTH SUPPLEMENTS;R$8,90 10% OFF
SNACK GROWTH PROTEIN 60GR SABOR CEBOLA E SALSA - GROWTH SUPPLEMENTS;R$8,90 10% OFF
SNACK GROWTH PROTEIN 60GR SABOR TOMATE SECO E QUEIJO MEIA CURA - GROWTH SUPPLEMENTS;R$8,90 10% OFF
SNACK GROWTH PROTEIN 60GR SABOR REQUEIJÃO - GROWTH SUPPLEMENTS;R$8,90 10% OFF
BEBIDA LÁCTEA UHT DE PROTEÍNAS - GROWTH SUPPLEMENTS;R$7,90 10% OFF
MULTIVITAMÍNICO VEGANO 120COMP - GROWTH SUPPLEMENTS;R$74,90 10% OFF
HAIR E NAILS 120COMP - GROWTH SUPPLEMENTS;R$64,90 10% OFF
IMUNIDADE GUMMY 30UN - GROWTH SUPPLEMENTS;R$39,90 10% OFF
MELATONINA GUMMY 30UN - GROWTH SUPPLEMENTS;R$44,90 10% OFF
BEAUTY SKIN GUMMY 30UN - GROWTH SUPPLEMENTS;R$44,90 10% OFF
VITAMINA D3 GUMMY 30UN - GROWTH SUPPLEMENTS;R$39,90 10% OFF
HAIR SKIN GUMMY 30UN - GROWTH SUPPLEMENTS;R$44,90 10% OFF
IMUNIDADE KIDS GUMMY 30UN - GROWTH SUPPLEMENTS;R$37,90 10% OFF
MULTIVITAMÍNICO GUMMY 30UN - GROWTH SUPPLEMENTS;R$42,90 10% OFF
MELATONINA + ASSOCIAÇÕES 90CAPS - GROWTH SUPPLEMENTS;R$42,90 10% OFF
PAÇOCA GROWTH DISPLAY COM 12UN 276GR- GROWTH SUPPLEMENTS;R$33,90 10% OFF
DOSE WHEY PROTEIN CONCENTRADO 30GR - GROWTH SUPPLEMENTS;R$24,90 10% OFF
LEVAGEN (PEA) 60CAPS - GROWTH SUPPLEMENTS;R$5,90 10% OFF
TESTOFEN 60CAPS - GROWTH SUPPLEMENTS;R$134,90 10% OFF
BARRA DE NUTS - DISPLAY C/ 12 UN. - GROWTH SUPPLEMENTS;R$154,90 10% OFF
PASTA DE AMENDOIM CROCANTE 500G - GROWTH SUPPLEMENTS;R$47,90 10% OFF
PASTA DE AMENDOIM SABOR MARACUJÁ 500G - GROWTH SUPPLEMENTS;R$27,90 10% OFF
FOSFATIDILSERINA 200MG 60CAPS - GROWTH SUPPLEMENTS;R$27,90 10% OFF
FOSFATIDILSERINA 400MG 60CAPS - GROWTH SUPPLEMENTS;R$69,90 10% OFF
MELATONINA 0,21MG (100 COMPRIMIDOS) - GROWTH SUPPLEMENTS;R$139,90 10% OFF
PASTA DE AMENDOIM SABOR CHOCOLATE COM MORANGO 500G - GROWTH SUPPLEMENTS;R$31,90 10% OFF
;R$27,90 10% OFF
